{"cameraMode":{"drawMode":0,"name":"Shaded","section":"Shading Mode"},"sceneLighting":false,"audioPlay":false,"sceneViewState":{"m_AlwaysRefresh":true,"showFog":true,"showSkybox":true,"showFlares":true,"showImageEffects":true,"showParticleSystems":true,"showVisualEffectGraphs":true,"m_FxEnabled":false},"in2DMode":false,"pivot":{"x":1.9142639636993409,"y":0.004781484603881836,"z":4.344851493835449},"rotation":{"x":-0.2492988109588623,"y":0.018004750832915307,"z":-0.004635157994925976,"w":-0.9682497382164002},"size":7.690793514251709,"orthographic":false}